<?xml version="1.0" encoding="UTF-8"?>
<project-private xmlns="http://www.netbeans.org/ns/project-private/1">
    <editor-bookmarks xmlns="http://www.netbeans.org/ns/editor-bookmarks/2" lastBookmarkId="0"/>
    <open-files xmlns="http://www.netbeans.org/ns/projectui-open-files/2">
        <group>
            <file>file:/C:/Users/socta/Documents/NetBeansProjects/Hospital_SanArte/src/Ventanas/Doctor.java</file>
            <file>file:/C:/Users/socta/Documents/NetBeansProjects/Hospital_SanArte/src/Ventanas/Acces.java</file>
            <file>file:/C:/Users/socta/Documents/NetBeansProjects/Hospital_SanArte/src/Ventanas/ModificarUsuario.java</file>
            <file>file:/C:/Users/socta/Documents/NetBeansProjects/Hospital_SanArte/src/Ventanas/Administrador.java</file>
            <file>file:/C:/Users/socta/Documents/NetBeansProjects/Hospital_SanArte/src/Ventanas/Paciente.java</file>
            <file>file:/C:/Users/socta/Documents/NetBeansProjects/Hospital_SanArte/src/Ventanas/Doc.java</file>
            <file>file:/C:/Users/socta/Documents/NetBeansProjects/Hospital_SanArte/src/Ventanas/Correo.java</file>
            <file>file:/C:/Users/socta/Documents/NetBeansProjects/Hospital_SanArte/src/Conexion/CitaDAO.java</file>
            <file>file:/C:/Users/socta/Documents/NetBeansProjects/Hospital_SanArte/src/Conexion/ConexionDB.java</file>
            <file>file:/C:/Users/socta/Documents/NetBeansProjects/Hospital_SanArte/src/Conexion/PacienteDAO.java</file>
            <file>file:/C:/Users/socta/Documents/NetBeansProjects/Hospital_SanArte/src/Conexion/TestHospitalBD.java</file>
            <file>file:/C:/Users/socta/Documents/NetBeansProjects/Hospital_SanArte/src/Ventanas/EliminarUsuario.java</file>
            <file>file:/C:/Users/socta/Documents/NetBeansProjects/Hospital_SanArte/src/Conexion/UsuarioDAO.java</file>
            <file>file:/C:/Users/socta/Documents/NetBeansProjects/Hospital_SanArte/src/Conexion/Paciente.java</file>
            <file>file:/C:/Users/socta/Documents/NetBeansProjects/Hospital_SanArte/src/Ventanas/insertarUsuario.java</file>
        </group>
    </open-files>
</project-private>
